,username,description,location,following,followers,totaltweets,retweetcount,text,hashtags
0,CentralFoods,"Supplying quality frozen foods to the catering industry inclu free-from, gluten-free, vegetarian, vegan 
Contact us: 01604 858 522 or: info@centralfoods.co.uk","Northampton, United Kingdom",1095,2307,6487,0,"Delighted to welcome our first visitors to CFG HQ #postcovid - @BourneLeisureLtd! A day full of exciting #menudevelopment ideas, #bringiton! Get in touch to see how we can #worktogether on your next #newmenu üëçüç≤üòã
#frozen #foodservice #catering #hospitality #cheflife https://t.co/8iEEhGoMPD","['postcovid', 'menudevelopment', 'bringiton', 'worktogether', 'newmenu', 'frozen', 'foodservice', 'catering', 'hospitality', 'cheflife']"
1,cateringbm,Established by #FundamentallyFoodies to provide exceptional & sustainable food. #GreatTeams create the #bmFamily & #BestPlacetoWork.,"Reading, England",736,2736,10890,0,"We are delighted to announce the launch of our new post-Covid brand strategy, outlining our vision for 2022 and beyond. #BM #Strategy #PostCovid #SupportYouCanTrust

https://t.co/tkdODOWCeX","['BM', 'Strategy', 'PostCovid', 'SupportYouCanTrust']"
2,c_pilsl,,,428,146,1651,0,#postcovid #postquarantine  this is a little bit more like it! https://t.co/BUlWFQMt25,"['postcovid', 'postquarantine']"
3,c_pilsl,,,428,146,1651,0,#postcovid #postquarantine  the photo does not convey my mood. every shade of grey is bliss. https://t.co/jFed929dN6,"['postcovid', 'postquarantine']"
4,isfcentre,"Independent, apolitical, and impact-driven think tank focused on #sustainablefinance research & solutions in Central #Europe & beyond | #ESG #sustainability #EU","Prague, Czech Republic",4253,1557,4600,2,"üëánew analysis by @CANEurope @ceebankwatch on 10 EU countries' recovery and resilience plans. None of the reforms or investments should harm the environment. #EURecovery #JustTransition #postcovid #ClimateAction 
https://t.co/IE1YUkhVca",[]
5,Eco1stArt,"Featuring the most stunning eco friendly items on the planet: fine art, furniture, jewelry & apparel.Connecting ecological & innovative artists worldwide.",USA,590,5651,337343,2,"üëánew analysis by @CANEurope @ceebankwatch on 10 EU countries' recovery and resilience plans. None of the reforms or investments should harm the environment. #EURecovery #JustTransition #postcovid #ClimateAction 
https://t.co/IE1YUkhVca",[]
6,MartinellChiara,"Director of @CANEurope, Climate Action Network Europe, Europe's leading NGO coalition fighting dangerous climate change | Opinions are my own |","Brussels, Belgium",1342,1114,2543,2,"üëánew analysis by @CANEurope @ceebankwatch on 10 EU countries' recovery and resilience plans. None of the reforms or investments should harm the environment. #EURecovery #JustTransition #postcovid #ClimateAction 
https://t.co/IE1YUkhVca","['EURecovery', 'JustTransition', 'postcovid', 'ClimateAction']"
7,mugacode,Writing code @ Mecritos #tech #100DaysOfCode,NY,431,479,3366,28,"Did you know? #Unica Discover is #cloud native!

#hclswlobp #UnicaIsBack #HCLSoftware #nocode #lowcode #devops #nodejs #flutter #Python #Serverless #javascript #cybersecurity #womenintech #100DaysOfCode #postcovid #ai #iot #bot #codenewbie #github #digital https://t.co/jHa4NtlZug","['Unica', 'cloud', 'hclswlobp', 'UnicaIsBack', 'HCLSoftware', 'nocode', 'lowcode', 'devops', 'nodejs']"
8,iPythonistaBot,I'm Pythonista The Bot. Created using python by @iharshgor. My job is to retweet any tweet that says python.,,4,2930,1057889,28,"Did you know? #Unica Discover is #cloud native!

#hclswlobp #UnicaIsBack #HCLSoftware #nocode #lowcode #devops #nodejs #flutter #Python #Serverless #javascript #cybersecurity #womenintech #100DaysOfCode #postcovid #ai #iot #bot #codenewbie #github #digital https://t.co/jHa4NtlZug","['Unica', 'cloud', 'hclswlobp', 'UnicaIsBack', 'HCLSoftware', 'nocode', 'lowcode', 'devops', 'nodejs']"
9,Lala35539674,We amplify the voices of mobile developers. Grow your software project by engaging your supporters with https://t.co/oObO7vtdrM ü§Ø,,0,1172,198319,28,"Did you know? #Unica Discover is #cloud native!

#hclswlobp #UnicaIsBack #HCLSoftware #nocode #lowcode #devops #nodejs #flutter #Python #Serverless #javascript #cybersecurity #womenintech #100DaysOfCode #postcovid #ai #iot #bot #codenewbie #github #digital https://t.co/jHa4NtlZug","['Unica', 'cloud', 'hclswlobp', 'UnicaIsBack', 'HCLSoftware', 'nocode', 'lowcode', 'devops', 'nodejs']"
10,maxlarsenjr,"#VR/#AR enginner, open source enthusiast. Thoughts on #IoT, #BigData, #DataScience, #AI & #Docker.",los,190,844,15756,28,"Did you know? #Unica Discover is #cloud native!

#hclswlobp #UnicaIsBack #HCLSoftware #nocode #lowcode #devops #nodejs #flutter #Python #Serverless #javascript #cybersecurity #womenintech #100DaysOfCode #postcovid #ai #iot #bot #codenewbie #github #digital https://t.co/jHa4NtlZug","['Unica', 'cloud', 'hclswlobp', 'UnicaIsBack', 'HCLSoftware', 'nocode', 'lowcode', 'devops', 'nodejs']"
11,CyberSecurityN8,"The place for InfoSec, CyberSecurity, DevSecOps, DataSecurity and many more!!! Stay tuned.",,2,23653,1089272,28,"Did you know? #Unica Discover is #cloud native!

#hclswlobp #UnicaIsBack #HCLSoftware #nocode #lowcode #devops #nodejs #flutter #Python #Serverless #javascript #cybersecurity #womenintech #100DaysOfCode #postcovid #ai #iot #bot #codenewbie #github #digital https://t.co/jHa4NtlZug","['Unica', 'cloud', 'hclswlobp', 'UnicaIsBack', 'HCLSoftware', 'nocode', 'lowcode', 'devops', 'nodejs']"
12,Discovertech3,Just a bot helping developers and designers by retweeting their creation. Made with #nodejs by @ApratimMahata,Internet,1,5198,982928,28,"Did you know? #Unica Discover is #cloud native!

#hclswlobp #UnicaIsBack #HCLSoftware #nocode #lowcode #devops #nodejs #flutter #Python #Serverless #javascript #cybersecurity #womenintech #100DaysOfCode #postcovid #ai #iot #bot #codenewbie #github #digital https://t.co/jHa4NtlZug","['Unica', 'cloud', 'hclswlobp', 'UnicaIsBack', 'HCLSoftware', 'nocode', 'lowcode', 'devops', 'nodejs']"
13,Discovertech3,Just a bot helping developers and designers by retweeting their creation. Made with #nodejs by @ApratimMahata,Internet,1,5198,982928,28,"Did you know? #Unica Discover is #cloud native!

#hclswlobp #UnicaIsBack #HCLSoftware #nocode #lowcode #devops #nodejs #flutter #Python #Serverless #javascript #cybersecurity #womenintech #100DaysOfCode #postcovid #ai #iot #bot #codenewbie #github #digital https://t.co/jHa4NtlZug","['Unica', 'cloud', 'hclswlobp', 'UnicaIsBack', 'HCLSoftware', 'nocode', 'lowcode', 'devops', 'nodejs']"
14,Discovertech3,Just a bot helping developers and designers by retweeting their creation. Made with #nodejs by @ApratimMahata,Internet,1,5198,982928,28,"Did you know? #Unica Discover is #cloud native!

#hclswlobp #UnicaIsBack #HCLSoftware #nocode #lowcode #devops #nodejs #flutter #Python #Serverless #javascript #cybersecurity #womenintech #100DaysOfCode #postcovid #ai #iot #bot #codenewbie #github #digital https://t.co/jHa4NtlZug","['Unica', 'cloud', 'hclswlobp', 'UnicaIsBack', 'HCLSoftware', 'nocode', 'lowcode', 'devops', 'nodejs']"
15,Discovertech3,Just a bot helping developers and designers by retweeting their creation. Made with #nodejs by @ApratimMahata,Internet,1,5198,982928,28,"Did you know? #Unica Discover is #cloud native!

#hclswlobp #UnicaIsBack #HCLSoftware #nocode #lowcode #devops #nodejs #flutter #Python #Serverless #javascript #cybersecurity #womenintech #100DaysOfCode #postcovid #ai #iot #bot #codenewbie #github #digital https://t.co/jHa4NtlZug","['Unica', 'cloud', 'hclswlobp', 'UnicaIsBack', 'HCLSoftware', 'nocode', 'lowcode', 'devops', 'nodejs']"
16,sectest9,News Hub! Get the latest Security News & Updates!,"Hyderabad, India",1,38533,2600139,28,"Did you know? #Unica Discover is #cloud native!

#hclswlobp #UnicaIsBack #HCLSoftware #nocode #lowcode #devops #nodejs #flutter #Python #Serverless #javascript #cybersecurity #womenintech #100DaysOfCode #postcovid #ai #iot #bot #codenewbie #github #digital https://t.co/jHa4NtlZug","['Unica', 'cloud', 'hclswlobp', 'UnicaIsBack', 'HCLSoftware', 'nocode', 'lowcode', 'devops', 'nodejs']"
17,fluttbot,"I retweet your tweets with #flutter

Write me to add more hastags! üëá

made by @alfredobs97",,4,2497,609399,28,"Did you know? #Unica Discover is #cloud native!

#hclswlobp #UnicaIsBack #HCLSoftware #nocode #lowcode #devops #nodejs #flutter #Python #Serverless #javascript #cybersecurity #womenintech #100DaysOfCode #postcovid #ai #iot #bot #codenewbie #github #digital https://t.co/jHa4NtlZug","['Unica', 'cloud', 'hclswlobp', 'UnicaIsBack', 'HCLSoftware', 'nocode', 'lowcode', 'devops', 'nodejs']"
18,XeronBot,"Beep! Boop!
I am a Bot that likes and retweets latest tweets with #100DaysOfCode
Created by: @Musheer360",Crawling Twitter,1,333,87665,28,"Did you know? #Unica Discover is #cloud native!

#hclswlobp #UnicaIsBack #HCLSoftware #nocode #lowcode #devops #nodejs #flutter #Python #Serverless #javascript #cybersecurity #womenintech #100DaysOfCode #postcovid #ai #iot #bot #codenewbie #github #digital https://t.co/jHa4NtlZug","['Unica', 'cloud', 'hclswlobp', 'UnicaIsBack', 'HCLSoftware', 'nocode', 'lowcode', 'devops', 'nodejs']"
19,IndieAngles,We amplify the voices of indie hackers ‚úåÔ∏è Double your organic reach on all channels with https://t.co/aE3vTLqIDt ü§Ø,,0,2294,225822,28,"Did you know? #Unica Discover is #cloud native!

#hclswlobp #UnicaIsBack #HCLSoftware #nocode #lowcode #devops #nodejs #flutter #Python #Serverless #javascript #cybersecurity #womenintech #100DaysOfCode #postcovid #ai #iot #bot #codenewbie #github #digital https://t.co/jHa4NtlZug","['Unica', 'cloud', 'hclswlobp', 'UnicaIsBack', 'HCLSoftware', 'nocode', 'lowcode', 'devops', 'nodejs']"
20,cybersec_feeds,check out a privacy oriented social media platform üëâüèæhttps://t.co/KkqBnPkRZK Cyber Security News in 1 place! Retweets original Cyber Sec tweets. ü§ñ made by @AbdirahiimYa,Internet,1,20320,2119758,28,"Did you know? #Unica Discover is #cloud native!

#hclswlobp #UnicaIsBack #HCLSoftware #nocode #lowcode #devops #nodejs #flutter #Python #Serverless #javascript #cybersecurity #womenintech #100DaysOfCode #postcovid #ai #iot #bot #codenewbie #github #digital https://t.co/jHa4NtlZug","['Unica', 'cloud', 'hclswlobp', 'UnicaIsBack', 'HCLSoftware', 'nocode', 'lowcode', 'devops', 'nodejs']"
21,MaurierAnne,#fresh and #frozen #cargo #shipping #logistics specialist. GET EASYFRESH APP ! Check the Appstore or Google Play,"Valencia, Comunidad Valenciana",1720,899,12164,6,"#Containerships sale &amp; purchase maket skyrocketing. The number of cellular #container #vessels reached an ATH in 2021 after shipowners appeared willing to pay almost any price to secure #tonnage in the frenetic #postCovid #market, says @Alphaliner https://t.co/6cfBwlBE4G","['Containerships', 'container', 'vessels']"
22,AdvSurashmigoel,"Taxation Lawyer,
Goel Solution of Tax(GST)‚öñÔ∏è

Adv Surashmi Goelüôè
Your Suru‚ù§Ô∏è","Hapur, India",325,181,39,13,"#Budget2022 balances the requirements for accelerating growth while taking care of equity. It addresses #postcovid challenges while laying the foundations for a #NewIndia that will meet the aspirations of its young population: VC @RajivKumar1

#PolicyPost

https://t.co/80DXVAmtrJ https://t.co/YxSH7CqKZs","['Budget2022', 'postcovid']"
23,iraskinclinic,,,42,30,181,0,"Are you tired of hair loss? Many people find that their hair begins falling out after recovering from Covid-19. 
Contact Number :-üìû+ 91 9581805555
#hairloss #hairlosstreatment #hairlosssolution #hairlosshelp #hairlossspecialist #postcovid #PostCovidHairLoss #hairlossremedy #hair https://t.co/eI08drZiCk","['hairloss', 'hairlosstreatment', 'hairlosssolution', 'hairlosshelp', 'hairlossspecialist', 'postcovid', 'PostCovidHairLoss', 'hairlossremedy', 'hair']"
24,Easyfreshglobal,The world's only #Global #Reefer #Logistics Suppliers.#Transport #solutions for #perishable #cargo | Download our APP !! https://t.co/L7wHyNaFqJ,Worldwide,12202,12342,104784,6,"#Containerships sale &amp; purchase maket skyrocketing. The number of cellular #container #vessels reached an ATH in 2021 after shipowners appeared willing to pay almost any price to secure #tonnage in the frenetic #postCovid #market, says @Alphaliner https://t.co/6cfBwlBE4G","['Containerships', 'container', 'vessels']"
25,rafaelxllerena,"London,UK 1964. If you can't direct the wind;adjust your sails! #shipping #logistics | The free #economy is the friend of social capital | CEO @easyfreshglobal","Valencia,Spain",5438,6959,11381,6,"#Containerships sale &amp; purchase maket skyrocketing. The number of cellular #container #vessels reached an ATH in 2021 after shipowners appeared willing to pay almost any price to secure #tonnage in the frenetic #postCovid #market, says @Alphaliner https://t.co/6cfBwlBE4G","['Containerships', 'container', 'vessels']"
26,chaithrakodmad,Anaesthesiology residentüë©üèª‚Äç‚öïÔ∏è| COVID frontlineüò∑ | Fiction enthusiast and a realist,"Bengaluru, India",375,1539,990,0,"Alive and well! Struggling with the mask though.
#postcovid #backtowork https://t.co/qQ7Fog8eg4","['postcovid', 'backtowork']"
27,Cassandra909,"Coffee drinkin‚Äô Ultra runner. Kicked breast cancer's *ss, Avid UK, Dierks, Church & AshleyMcBryde fan. #Nuun & #SingletrackRacing ambasador","√úT: 38.797481,-121.262025",3867,1098,14855,0,Lunch break mile. #mileforlunch #treadmill #slowandsteady #postcovid https://t.co/RzEfNftNmD,"['mileforlunch', 'treadmill', 'slowandsteady', 'postcovid']"
28,TheCuriousLuke,Luke identifies himself as a: #ACLS #Masterstudent @zhaw ¬¶ #Biotechnologist ¬¶ former #Chemical #Labtechnician üë®‚Äçüî¨ ¬¶ #Human,Switzerland,254,6832,420510,54,"What is WEB 3.0?

#hclswlobp #hclconnections #nocode #lowcode #javascript #cybersecurity #Python #nodejs #flutter #codenewbie #github #devops #womenintech #100DaysOfCode #datascience #Serverless #ai #iot #bot #postcovid #machinelearning #DEVCommunity
 https://t.co/1L49vlfRgH","['hclswlobp', 'hclconnections', 'nocode', 'lowcode', 'javascript', 'cybersecurity', 'Python', 'nodejs', 'flutter']"
29,fluttbot,"I retweet your tweets with #flutter

Write me to add more hastags! üëá

made by @alfredobs97",,4,2497,609399,54,"What is WEB 3.0?

#hclswlobp #hclconnections #nocode #lowcode #javascript #cybersecurity #Python #nodejs #flutter #codenewbie #github #devops #womenintech #100DaysOfCode #datascience #Serverless #ai #iot #bot #postcovid #machinelearning #DEVCommunity
 https://t.co/1L49vlfRgH","['hclswlobp', 'hclconnections', 'nocode', 'lowcode', 'javascript', 'cybersecurity', 'Python', 'nodejs', 'flutter']"
30,XeronBot,"Beep! Boop!
I am a Bot that likes and retweets latest tweets with #100DaysOfCode
Created by: @Musheer360",Crawling Twitter,1,333,87665,54,"What is WEB 3.0?

#hclswlobp #hclconnections #nocode #lowcode #javascript #cybersecurity #Python #nodejs #flutter #codenewbie #github #devops #womenintech #100DaysOfCode #datascience #Serverless #ai #iot #bot #postcovid #machinelearning #DEVCommunity
 https://t.co/1L49vlfRgH","['hclswlobp', 'hclconnections', 'nocode', 'lowcode', 'javascript', 'cybersecurity', 'Python', 'nodejs', 'flutter']"
31,_reactdev,"React, Redux and React-Native Developer",Everywhere,89,8491,288053,54,"What is WEB 3.0?

#hclswlobp #hclconnections #nocode #lowcode #javascript #cybersecurity #Python #nodejs #flutter #codenewbie #github #devops #womenintech #100DaysOfCode #datascience #Serverless #ai #iot #bot #postcovid #machinelearning #DEVCommunity
 https://t.co/1L49vlfRgH","['hclswlobp', 'hclconnections', 'nocode', 'lowcode', 'javascript', 'cybersecurity', 'Python', 'nodejs', 'flutter']"
32,morolswediu,"I am a bot, develop by @jinnatul_md, to retweet #nodejs OR #javascript OR #100daysofCode

‚≠êhttps://t.co/GYO2ev1MUU

‚òï  https://t.co/pfDHuGBNIq","Dhaka, Bangladesh",3,2870,1001427,54,"What is WEB 3.0?

#hclswlobp #hclconnections #nocode #lowcode #javascript #cybersecurity #Python #nodejs #flutter #codenewbie #github #devops #womenintech #100DaysOfCode #datascience #Serverless #ai #iot #bot #postcovid #machinelearning #DEVCommunity
 https://t.co/1L49vlfRgH","['hclswlobp', 'hclconnections', 'nocode', 'lowcode', 'javascript', 'cybersecurity', 'Python', 'nodejs', 'flutter']"
33,Lala35539674,We amplify the voices of mobile developers. Grow your software project by engaging your supporters with https://t.co/oObO7vtdrM ü§Ø,,0,1172,198319,54,"What is WEB 3.0?

#hclswlobp #hclconnections #nocode #lowcode #javascript #cybersecurity #Python #nodejs #flutter #codenewbie #github #devops #womenintech #100DaysOfCode #datascience #Serverless #ai #iot #bot #postcovid #machinelearning #DEVCommunity
 https://t.co/1L49vlfRgH","['hclswlobp', 'hclconnections', 'nocode', 'lowcode', 'javascript', 'cybersecurity', 'Python', 'nodejs', 'flutter']"
34,iChiragChhillar,"A Web Developer Interested in Machine Learning ‚Ä¢ Investor ‚Ä¢ Love b2b, SaaS.
Retweets are not endorsements.

Creator of @JustDataScience","New Delhi, India",583,92,3553,54,"What is WEB 3.0?

#hclswlobp #hclconnections #nocode #lowcode #javascript #cybersecurity #Python #nodejs #flutter #codenewbie #github #devops #womenintech #100DaysOfCode #datascience #Serverless #ai #iot #bot #postcovid #machinelearning #DEVCommunity
 https://t.co/1L49vlfRgH","['hclswlobp', 'hclconnections', 'nocode', 'lowcode', 'javascript', 'cybersecurity', 'Python', 'nodejs', 'flutter']"
35,Bills_Bot,"I'm a Botü§ñ, retweets #100daysofcode. Created by @sofibilal193.",Jammu And Kashmir,106,1165,421216,54,"What is WEB 3.0?

#hclswlobp #hclconnections #nocode #lowcode #javascript #cybersecurity #Python #nodejs #flutter #codenewbie #github #devops #womenintech #100DaysOfCode #datascience #Serverless #ai #iot #bot #postcovid #machinelearning #DEVCommunity
 https://t.co/1L49vlfRgH","['hclswlobp', 'hclconnections', 'nocode', 'lowcode', 'javascript', 'cybersecurity', 'Python', 'nodejs', 'flutter']"
36,xaelbot,"A bot, I like and retweet on #100DaysOfCode. Block if don't want to be retweeted.",Earth,7,5604,1471548,54,"What is WEB 3.0?

#hclswlobp #hclconnections #nocode #lowcode #javascript #cybersecurity #Python #nodejs #flutter #codenewbie #github #devops #womenintech #100DaysOfCode #datascience #Serverless #ai #iot #bot #postcovid #machinelearning #DEVCommunity
 https://t.co/1L49vlfRgH","['hclswlobp', 'hclconnections', 'nocode', 'lowcode', 'javascript', 'cybersecurity', 'Python', 'nodejs', 'flutter']"
37,TheFieryBot,"Hello World! I'm The Fiery Bot üôè
I tweet inspirational quotes to stay inspire you on your journeyüõ£Ô∏è 
My creator is @thefierycoder, feel free to follow him",,32,1083,148831,54,"What is WEB 3.0?

#hclswlobp #hclconnections #nocode #lowcode #javascript #cybersecurity #Python #nodejs #flutter #codenewbie #github #devops #womenintech #100DaysOfCode #datascience #Serverless #ai #iot #bot #postcovid #machinelearning #DEVCommunity
 https://t.co/1L49vlfRgH","['hclswlobp', 'hclconnections', 'nocode', 'lowcode', 'javascript', 'cybersecurity', 'Python', 'nodejs', 'flutter']"
38,iedufp,"Veni, vidi, vici  ... mi tropa siempre me ense√±a que debo ser mejor dia a dia üëç",,1532,390,20783,54,"What is WEB 3.0?

#hclswlobp #hclconnections #nocode #lowcode #javascript #cybersecurity #Python #nodejs #flutter #codenewbie #github #devops #womenintech #100DaysOfCode #datascience #Serverless #ai #iot #bot #postcovid #machinelearning #DEVCommunity
 https://t.co/1L49vlfRgH","['hclswlobp', 'hclconnections', 'nocode', 'lowcode', 'javascript', 'cybersecurity', 'Python', 'nodejs', 'flutter']"
39,iPythonistaBot,I'm Pythonista The Bot. Created using python by @iharshgor. My job is to retweet any tweet that says python.,,4,2931,1057889,54,"What is WEB 3.0?

#hclswlobp #hclconnections #nocode #lowcode #javascript #cybersecurity #Python #nodejs #flutter #codenewbie #github #devops #womenintech #100DaysOfCode #datascience #Serverless #ai #iot #bot #postcovid #machinelearning #DEVCommunity
 https://t.co/1L49vlfRgH","['hclswlobp', 'hclconnections', 'nocode', 'lowcode', 'javascript', 'cybersecurity', 'Python', 'nodejs', 'flutter']"
40,sectest9,News Hub! Get the latest Security News & Updates!,"Hyderabad, India",1,38533,2600139,54,"What is WEB 3.0?

#hclswlobp #hclconnections #nocode #lowcode #javascript #cybersecurity #Python #nodejs #flutter #codenewbie #github #devops #womenintech #100DaysOfCode #datascience #Serverless #ai #iot #bot #postcovid #machinelearning #DEVCommunity
 https://t.co/1L49vlfRgH","['hclswlobp', 'hclconnections', 'nocode', 'lowcode', 'javascript', 'cybersecurity', 'Python', 'nodejs', 'flutter']"
41,CyberSecurityN8,"The place for InfoSec, CyberSecurity, DevSecOps, DataSecurity and many more!!! Stay tuned.",,2,23654,1089291,54,"What is WEB 3.0?

#hclswlobp #hclconnections #nocode #lowcode #javascript #cybersecurity #Python #nodejs #flutter #codenewbie #github #devops #womenintech #100DaysOfCode #datascience #Serverless #ai #iot #bot #postcovid #machinelearning #DEVCommunity
 https://t.co/1L49vlfRgH","['hclswlobp', 'hclconnections', 'nocode', 'lowcode', 'javascript', 'cybersecurity', 'Python', 'nodejs', 'flutter']"
42,cybersec_feeds,check out a privacy oriented social media platform üëâüèæhttps://t.co/KkqBnPkRZK Cyber Security News in 1 place! Retweets original Cyber Sec tweets. ü§ñ made by @AbdirahiimYa,Internet,1,20320,2119758,54,"What is WEB 3.0?

#hclswlobp #hclconnections #nocode #lowcode #javascript #cybersecurity #Python #nodejs #flutter #codenewbie #github #devops #womenintech #100DaysOfCode #datascience #Serverless #ai #iot #bot #postcovid #machinelearning #DEVCommunity
 https://t.co/1L49vlfRgH","['hclswlobp', 'hclconnections', 'nocode', 'lowcode', 'javascript', 'cybersecurity', 'Python', 'nodejs', 'flutter']"
43,peoni33s,"dibujos, simp profesional, multifandom, shitpost, hablo de monitos animados  ‚Ä¢ üáªüá™ ‚Ä¢ she/her ‚Ä¢ art account: @peonieeee ‚Ä¢ match con: @kumokyanon",esqueletolandia,265,246,63028,169,"Stan and Kyle!
#SouthPark #southparkfanart #postcovid #fanart #krita https://t.co/zZ9jGEA5ZY","['SouthPark', 'southparkfanart', 'postcovid', 'fanart', 'krita']"
44,SduttI,"WYSIWYG

What you see is what you get",,129,219,547,13,"#Budget2022 balances the requirements for accelerating growth while taking care of equity. It addresses #postcovid challenges while laying the foundations for a #NewIndia that will meet the aspirations of its young population: VC @RajivKumar1

#PolicyPost

https://t.co/80DXVAmtrJ https://t.co/YxSH7CqKZs","['Budget2022', 'postcovid']"
45,Chavivohra,#ChildRights | #EarlyChildhood l Co-curator - @SDG2030 l #GenderEquality I #GirlsLead l #EndGBV l #WebWonderWomen Awardee ü•á l #Mindfulness l @mobile_Creches,India,517,3167,52477,13,"#Budget2022 balances the requirements for accelerating growth while taking care of equity. It addresses #postcovid challenges while laying the foundations for a #NewIndia that will meet the aspirations of its young population: VC @RajivKumar1

#PolicyPost

https://t.co/80DXVAmtrJ https://t.co/YxSH7CqKZs","['Budget2022', 'postcovid']"
46,arshadfilms,17 Awards for Abu film. Filmmaker/Festival director. DGC director & production designer. Kindness is more powerful than your outrage. Spread joy!,"Montreal, Canada",2073,2414,27082,3,"It‚Äôs happening ! Installing the show #..tillAllareHealed, thanking front liners for their service and artistic impressions of #CovidRecovery #postcovid era.. @AGMengage  opening this weekend with 28 artists including @CharlesPachter with his brand new works . Supported by #Ccai https://t.co/bF4F2fkCj6",[]
47,arshadfilms,17 Awards for Abu film. Filmmaker/Festival director. DGC director & production designer. Kindness is more powerful than your outrage. Spread joy!,"Montreal, Canada",2073,2414,27082,3,"02.02.2022 The CCAI supported show goes up at the @AGMengage today . Entitled‚Ä¶..till all are healed, curated by @Iamasmamahmood , it‚Äôs to thank the #frontliners , bring attention to our lives as we step into #postcovid era, and a message of hope . Thanks to funders and the arts https://t.co/1gyNssIDfm",[]
48,SDG2030,#SustainableDevelopmentGoals l #SDGs l #SDGsImpactChat l #PlanetHealthMyHealth  l #BuildSustainableNow,No Planet B ,497,89929,142833,13,"#Budget2022 balances the requirements for accelerating growth while taking care of equity. It addresses #postcovid challenges while laying the foundations for a #NewIndia that will meet the aspirations of its young population: VC @RajivKumar1

#PolicyPost

https://t.co/80DXVAmtrJ https://t.co/YxSH7CqKZs","['Budget2022', 'postcovid']"
49,TheAmirImani,"Hospital #Pharmacy / Neuro Rehab / Research.

I talk about drugs, diseases, drugs, misinformation, and drugs.

Opinions mine and not particularly good.",Toronto,588,2137,3513,1,"Great segment from @CBCTheNational on #PostCOVID / #LongCOVID and #ICU complications. We can‚Äôt talk about the cost of COVID without discussing these risks.

https://t.co/hwJNrFd1w9","['PostCOVID', 'LongCOVID', 'ICU']"
50,THAILANDMEDICA1,A trusted source for all your medical and life science needs & informative portal for medical research and recent innovations in healthcare.,"Bangkok, Thailand",182,2228,5008,0,"WARNING! Scientists From Shiraz University of Medical Sciences Confirm That Cerebral Venous Sinus Thrombosis (CVST) Incidences Are High As Result Of COVID-19!
https://t.co/JxCIif8s3F
#brain #CVST #Covid_19 #LongCovidKids #USA #American #Canada #UK #Europe #Australia #postcovid","['brain', 'CVST', 'Covid_19', 'LongCovidKids', 'USA', 'American', 'Canada', 'UK', 'Europe', 'Australia', 'postcovid']"
51,TheAmirImani,"Hospital #Pharmacy / Neuro Rehab / Research.

I talk about drugs, diseases, drugs, misinformation, and drugs.

Opinions mine and not particularly good.",Toronto,588,2137,3513,1,"Great segment from @CBCTheNational on #PostCOVID / #LongCOVID and #ICU complications. We can‚Äôt talk about the cost of COVID without discussing these risks.

https://t.co/hwJNrFd1w9","['PostCOVID', 'LongCOVID', 'ICU']"
52,purnimaverma,Architect; Climate change & sustainable development @ceptuniversity1,India,806,114,1943,0,"some #postcovid good.
drove a bit after long yesterday. too tired. slept at 5. woke up twice for a totes an hour.
starting the day at 5, bhrama-muhurat. hope it stays üò¨",['postcovid']
53,Promenadeart,,,353,195,1406,3,"It‚Äôs happening ! Installing the show #..tillAllareHealed, thanking front liners for their service and artistic impressions of #CovidRecovery #postcovid era.. @AGMengage  opening this weekend with 28 artists including @CharlesPachter with his brand new works . Supported by #Ccai https://t.co/bF4F2fkCj6",[]
54,Promenadeart,,,353,195,1406,3,"02.02.2022 The CCAI supported show goes up at the @AGMengage today . Entitled‚Ä¶..till all are healed, curated by @Iamasmamahmood , it‚Äôs to thank the #frontliners , bring attention to our lives as we step into #postcovid era, and a message of hope . Thanks to funders and the arts https://t.co/1gyNssIDfm",[]
55,Iamasmamahmood,"Visual artist/ Cultural markets expert/ history, poetry, science/ Artistic Director CCAI /cofounder Mosaic Festival RTC MISAFF https://t.co/iST0GuIDrM",Mississauga,1405,2118,20683,3,"02.02.2022 The CCAI supported show goes up at the @AGMengage today . Entitled‚Ä¶..till all are healed, curated by @Iamasmamahmood , it‚Äôs to thank the #frontliners , bring attention to our lives as we step into #postcovid era, and a message of hope . Thanks to funders and the arts https://t.co/1gyNssIDfm",[]
56,smartmoneyindex,"Dieses Twitter-Profil richtet sich an Finanzjournalisten, Verm√∂gensverwalter sowie an Manager von Dach-Wikifolios. https://t.co/Pedl5ZZL8L","Frankfurt am Main, Deutschland",85,58,285,0,"If you don‚Äòt deal with the real needs of the economy, you are just destined to lose more and more money with saturated visions of the virtual economy. $fb $shop $pypl $pins #smartmoney #postcovid #onlineshopping #cryptocurrency #NFT","['smartmoney', 'postcovid', 'onlineshopping', 'cryptocurrency', 'NFT']"
57,smartmoneyindex,"Dieses Twitter-Profil richtet sich an Finanzjournalisten, Verm√∂gensverwalter sowie an Manager von Dach-Wikifolios. https://t.co/Pedl5ZZL8L","Frankfurt am Main, Deutschland",85,58,285,0,"Meta makes the most cash from online shopping. So do Paypal, Shopify and Pinterest. Smart money plays the reopening case, not the case of online shopping, online advertising or online inspiration... $fb $pypl $shop $pins #stockmarkets #smartmoney #reopening #postcovid","['stockmarkets', 'smartmoney', 'reopening', 'postcovid']"
58,SarahBaraBim,#FBLC #LongCovid Advocate. Kindergarten Teacher. Parent #Spoonie Brittanica lady living in a Twitter world. Mama Grizzly Ally üè≥Ô∏è‚Äçüåà She/Her,Our Home on Native Land üá®üá¶,77,43,396,1,"I‚Äôd do anything to be able to taste food correctly again :((( I miss pizza, I miss bacon , I miss cheeseburgers, I miss my hibachi place, I miss the feeling I get when I smell great food :( 13 months and counting ‚Ä¶ #Parosmia üòñ #postcovid",[]
59,Mosaic_Festival,"CCAI production Award winning MultiDisciplinary Arts Festival of Mississauga, TD MOSIAC 2021online June-Aug # Facebooklive mosaic_Mississauga",Canada,1178,1316,4534,3,"02.02.2022 The CCAI supported show goes up at the @AGMengage today . Entitled‚Ä¶..till all are healed, curated by @Iamasmamahmood , it‚Äôs to thank the #frontliners , bring attention to our lives as we step into #postcovid era, and a message of hope . Thanks to funders and the arts https://t.co/1gyNssIDfm","['frontliners', 'postcovid']"
60,Mosaic_Festival,"CCAI production Award winning MultiDisciplinary Arts Festival of Mississauga, TD MOSIAC 2021online June-Aug # Facebooklive mosaic_Mississauga",Canada,1178,1316,4534,3,"It‚Äôs happening ! Installing the show #..tillAllareHealed, thanking front liners for their service and artistic impressions of #CovidRecovery #postcovid era.. @AGMengage  opening this weekend with 28 artists including @CharlesPachter with his brand new works . Supported by #Ccai https://t.co/bF4F2fkCj6",[]
61,iansilverstein,Consultant helping build your business / brand positioning / mentoring / creativity / design management / strategic and commercial advice #goodworkgoodpeople,03335771147,430,419,13039,0,The best coffee shops for getting some work done in London. #lomdon #coffeeshops #working #postcovid #thebest #choices #blessed https://t.co/j1h7dGrwkC,"['lomdon', 'coffeeshops', 'working', 'postcovid', 'thebest', 'choices', 'blessed']"
62,sam_thomas02,üíâStudent Nurse (3rd/ Final Year) | üè• NHS HCSW | #MAANUP_Study | üè¥Û†ÅßÛ†Å¢Û†Å≥Û†Å£Û†Å¥Û†Åø |           All views my ownüëç,,628,336,451,0,"üåü A ‚Äòmust read‚Äô article for anyone involved in the care of individuals approaching the end of life‚Ä¶ very relevant for #postcovid palliative care provision 

#PalliativeCare #communities #NurseTwitter #studentnurse https://t.co/P0FhIUzmKK","['postcovid', 'PalliativeCare', 'communities', 'NurseTwitter', 'studentnurse']"
63,adroitjobs,Providing the best IT talent all over US to Fortune 500 Clients and MSP partners !! #TalentAcquisition #Staffing #Recruitment #Recruiting #Workforce,"Fremont, California, USA",210,250,52351,0,"The 10 best U.S. jobs of 2022, according to Glassdoor‚Äîthey all pay over $100,000. @CNBCMakeIt https://t.co/nkbI4K3ToR

#TechJobs #NewJobs #USA #Recruitment #PostCovid https://t.co/3iAhy5ol3e","['TechJobs', 'NewJobs', 'USA', 'Recruitment', 'PostCovid']"
64,MDTolgaAksu,"Heart Rhythm Specialist, AE in JECG, SoMe and AE in @JICE_EP , dady of a princess, Prof, GP ablator, Yeditepe University Opinions are my ownüéæüèáüèçüèÇüé∏","ƒ∞stanbul, T√ºrkiye",288,5009,12734,3,Happy to share our recent article. How COVID effects us? Still unresolved questions. This paper shows parasympathetic predominancy in #postcovid period https://t.co/y5dsrfsX6a. @TinaBaykaner @prof_serkan_cay @NurglKeser6 @ahmetilker1 @gorenek https://t.co/0l3ynpkGLX,[]
65,prof_serkan_cay,Cardiac Electrophysiology Specialist,"Ankara, T√ºrkiye",49,450,138,3,Happy to share our recent article. How COVID effects us? Still unresolved questions. This paper shows parasympathetic predominancy in #postcovid period https://t.co/y5dsrfsX6a. @TinaBaykaner @prof_serkan_cay @NurglKeser6 @ahmetilker1 @gorenek https://t.co/0l3ynpkGLX,[]
66,booksteaandme1,Leigh ‚òïÔ∏è Teacher. Theatre. Literature. Slave to a Teenage Daughter. Book Reader. Instagram: https://t.co/Yrbwqk2Ppt   I lose my focus when I see a dog...,"Northampton, England",1642,961,2799,0,"Gosh, so so tired ü•± after work today‚Ä¶ although, I‚Äôm finding my recharge room is working marvellously this evening. ü´ñ ‚òïÔ∏è #breatheitin #lovebooks #therapy #postcovid https://t.co/wNvI3lKUHT","['breatheitin', 'lovebooks', 'therapy', 'postcovid']"
67,Iamasmamahmood,"Visual artist/ Cultural markets expert/ history, poetry, science/ Artistic Director CCAI /cofounder Mosaic Festival RTC MISAFF https://t.co/iST0GuIDrM",Mississauga,1405,2118,20683,3,"It‚Äôs happening ! Installing the show #..tillAllareHealed, thanking front liners for their service and artistic impressions of #CovidRecovery #postcovid era.. @AGMengage  opening this weekend with 28 artists including @CharlesPachter with his brand new works . Supported by #Ccai https://t.co/bF4F2fkCj6","['CovidRecovery', 'postcovid', 'Ccai']"
68,TALI189,"CS,LLB,Company Law Expert,RTs r not endorsements,do nt support any political party,system improvements r my fav.tweets, keen on promoting all sports,",üáÆüá≥üáÆüá≥üáÆüá≥,4994,1175,210386,2,"Post covid brain fog is real. Also, complete lack of taste or interest in food, weird sluggishness, lack of concentration and constantly feeling disinterested. Hoping this would pass soon!  #postcovid",[]
69,AnupamkPandey,"IT Professional | ACM, SIG | D-NET
Google Analytics | SDG | Startup üñä 
Tourism | Yoga | Blogger | Feed India ‚ô• 
üáÆüá≥ @TwitterForGood üáÆüá≥ Photography üì∑",India ,2729,44271,181973,2,"Post covid brain fog is real. Also, complete lack of taste or interest in food, weird sluggishness, lack of concentration and constantly feeling disinterested. Hoping this would pass soon!  #postcovid",[]
70,akhiladeshpande,"Head of Marketing & PR at Prime Venture Partners, 
Board member - ChangeMakers of Kanakapura Road",India,833,858,2088,2,"Post covid brain fog is real. Also, complete lack of taste or interest in food, weird sluggishness, lack of concentration and constantly feeling disinterested. Hoping this would pass soon!  #postcovid",['postcovid']
71,corona_tweet,,,0,477,82883,1,"Did you know? There is still room in an FDA-authorized clinical trials in ‚ÄúLong Haul‚Äù COVID. Trials are free of charge. Visit https://t.co/IcbZKFVyKJ or call (346) 900-0340 for patient info 
#postcovid #celltherapy #regenerativemedicine #COVID19 #coronavirus #covid #longhaul https://t.co/hhZiyHiHv2",[]
72,hopebio_org,On a mission to accelerate translational research in regenerative medicine and develop cures for all.,"Sugar Land, Texas",145,93,194,1,"Did you know? There is still room in an FDA-authorized clinical trials in ‚ÄúLong Haul‚Äù COVID. Trials are free of charge. Visit https://t.co/IcbZKFVyKJ or call (346) 900-0340 for patient info 
#postcovid #celltherapy #regenerativemedicine #COVID19 #coronavirus #covid #longhaul https://t.co/hhZiyHiHv2","['postcovid', 'celltherapy', 'regenerativemedicine', 'COVID19', 'coronavirus', 'covid', 'longhaul']"
73,AnneKni38953689,,,3053,2236,184186,2,"@bbcradioulster @dreddiemurphy @ucddublin 2/2 @JoanMcParland speaks about the lack of ME/CFS Specialist services in Northern Ireland.

Listen to the interview via our YouTube video or via the BBC catchup. 

https://t.co/SHKdgXNY7z

https://t.co/lukk2EwePb

#pwME #MyalgicE #Dysautonomia #PostCovid",[]
74,NurglKeser6,"Prof of Cardiology;Digital Cardiology (cofounder&president of  digital cardiology project group atTurkƒ±sh Soc.of cardiology),CV Imaging, heartdiseaseinwomen",,222,350,869,3,Happy to share our recent article. How COVID effects us? Still unresolved questions. This paper shows parasympathetic predominancy in #postcovid period https://t.co/y5dsrfsX6a. @TinaBaykaner @prof_serkan_cay @NurglKeser6 @ahmetilker1 @gorenek https://t.co/0l3ynpkGLX,[]
75,ForumLegum,"LEGUM DISCIPULUS FORUM
Collective of Law Students.
Law Students‚Äô Voice.",,28,71,2727,4,"@ShashiTharoor @JumanaSherin00 @KeralaGovernor Many #Students  in #Kerala are reported to be in hospitals, some of them in critical conditions in ICUs due to #COVID19  and #postcovid complications.  #Onlineclass #ONLINEEXAM are the only safe modes.
@CMOKerala  @rbinducpm 
#StudentsLivesMatters 
#stopofflineexams","['Students', 'Kerala']"
76,paulastefan_uk,"Journalist. Specialised in Shipping & Logistics. #Africa #Europe and .... I ‚ù§Ô∏è #Valencia, #Spain","City of London, London",1064,457,5075,6,"#Containerships sale &amp; purchase maket skyrocketing. The number of cellular #container #vessels reached an ATH in 2021 after shipowners appeared willing to pay almost any price to secure #tonnage in the frenetic #postCovid #market, says @Alphaliner https://t.co/6cfBwlBE4G","['Containerships', 'container', 'vessels']"
77,nemityadav1,Common looking people are the best in the world: that is the reason the Lord makes so many of them.,"Raipur , Chhattisgarh, India",576,1675,535202,13,"#Budget2022 balances the requirements for accelerating growth while taking care of equity. It addresses #postcovid challenges while laying the foundations for a #NewIndia that will meet the aspirations of its young population: VC @RajivKumar1

#PolicyPost

https://t.co/80DXVAmtrJ https://t.co/YxSH7CqKZs","['Budget2022', 'postcovid']"
78,jrcruz69,"ONE Line General Manager, El Salvador, Ex-President Shipping Lines Association, WILHELMSEN SHIPSERIVCES El Salvador General Manager and Opinion writer EDH","San Salvador, El Salvador",387,595,6990,6,"#Containerships sale &amp; purchase maket skyrocketing. The number of cellular #container #vessels reached an ATH in 2021 after shipowners appeared willing to pay almost any price to secure #tonnage in the frenetic #postCovid #market, says @Alphaliner https://t.co/6cfBwlBE4G","['Containerships', 'container', 'vessels']"
79,mdlaledinc,"Consultant Cardiologist, Heart imager, FESC, FEACVI, Coffee lover","ƒ∞stanbul, T√ºrkiye",227,426,399,3,Happy to share our recent article. How COVID effects us? Still unresolved questions. This paper shows parasympathetic predominancy in #postcovid period https://t.co/y5dsrfsX6a. @TinaBaykaner @prof_serkan_cay @NurglKeser6 @ahmetilker1 @gorenek https://t.co/0l3ynpkGLX,['postcovid']
80,MaritimeLogics,"A new way of #shipping agency business in a region that covers portions of three continents : #Europe, #Africa and #Asia | info@maritime-logistics.net",Malta,6171,10052,5918,6,"#Containerships sale &amp; purchase maket skyrocketing. The number of cellular #container #vessels reached an ATH in 2021 after shipowners appeared willing to pay almost any price to secure #tonnage in the frenetic #postCovid #market, says @Alphaliner https://t.co/6cfBwlBE4G","['Containerships', 'container', 'vessels']"
81,rafaelxllerena,"London,UK 1964. If you can't direct the wind;adjust your sails! #shipping #logistics | The free #economy is the friend of social capital | CEO @easyfreshglobal","Valencia,Spain",5438,6959,11381,6,"#Containerships sale &amp; purchase maket skyrocketing. The number of cellular #container #vessels reached an ATH in 2021 after shipowners appeared willing to pay almost any price to secure #tonnage in the frenetic #postCovid #market, says @Alphaliner https://t.co/6cfBwlBE4G","['Containerships', 'container', 'vessels', 'tonnage', 'postCovid', 'market']"
82,alisonkmcc,,,1244,960,58810,5,"üéôÔ∏è Announcing the #EHMA2022 keynote speakers ‚§µÔ∏è

Dr Josep Figueras, @OBShealth, will be speaking at the Plenary Session 'Implementing the lessons learnt from #COVID19', which will look at ways #HealthSystems can organise &amp; #health services adapt for a #postCOVID context. https://t.co/NcJQOjnjwB",['EHMA2022']
83,danielbeland,Directeur @MISCCAN @mcgillu Professeur @mcgillpolisci #academia #cdnpoli #politics #policy #Montreal #Canada Google Scholar: https://t.co/ijqBXVqY55 #photography,"Montr√©al, Qu√©bec",5710,5198,45430,5,"üéôÔ∏è Announcing the #EHMA2022 keynote speakers ‚§µÔ∏è

Dr Josep Figueras, @OBShealth, will be speaking at the Plenary Session 'Implementing the lessons learnt from #COVID19', which will look at ways #HealthSystems can organise &amp; #health services adapt for a #postCOVID context. https://t.co/NcJQOjnjwB",['EHMA2022']
84,TheWestonMale,@MEAssociation fundraiser and PR. Ex-journo still enjoying a bit of a scribble. DMs always open.,,904,1187,23464,2,"@bbcradioulster @dreddiemurphy @ucddublin 2/2 @JoanMcParland speaks about the lack of ME/CFS Specialist services in Northern Ireland.

Listen to the interview via our YouTube video or via the BBC catchup. 

https://t.co/SHKdgXNY7z

https://t.co/lukk2EwePb

#pwME #MyalgicE #Dysautonomia #PostCovid",[]
85,booly_supply,Amplifying #procurement & #supplychain content. We use AI to detect procurement fraud and financial crime. $420M in business fraud prevented so far üöÄ,"London, United Kingdom",24,700,63362,1,"The first signs of #postcovid are starting to emerge. Various industries with inflated pricing models due to supply chain crisis or artificial price gauging need to be careful.

#supplychain #covid #housing #lumberprices 

https://t.co/8NLrLudfht",['postcovid']
86,AmishShahNY,"Globe Trotter  - Disruptor - Jewelry Lover - Innovator 
If you believe in it , don't ever give it up !  First they will laugh on you and then follow u","New York, USA",347,77,158,1,"The first signs of #postcovid are starting to emerge. Various industries with inflated pricing models due to supply chain crisis or artificial price gauging need to be careful.

#supplychain #covid #housing #lumberprices 

https://t.co/8NLrLudfht","['postcovid', 'supplychain', 'covid', 'housing', 'lumberprices']"
87,MEAssociation,"We raise funds for biomedical research into ME/CFS provide support, information & campaign for people in the UK. RTs don't always indicate agreement.","Gawcott, Bucks, for all UK",1490,18122,28486,2,"@bbcradioulster @dreddiemurphy @ucddublin 2/2 @JoanMcParland speaks about the lack of ME/CFS Specialist services in Northern Ireland.

Listen to the interview via our YouTube video or via the BBC catchup. 

https://t.co/SHKdgXNY7z

https://t.co/lukk2EwePb

#pwME #MyalgicE #Dysautonomia #PostCovid","['pwME', 'MyalgicE', 'Dysautonomia', 'PostCovid']"
88,arathi_ck,"Alumnus BSc Physics, MGGAC, Mahe.
Founding member @forummahe",,38,41,5850,4,"@ShashiTharoor @JumanaSherin00 @KeralaGovernor Many #Students  in #Kerala are reported to be in hospitals, some of them in critical conditions in ICUs due to #COVID19  and #postcovid complications.  #Onlineclass #ONLINEEXAM are the only safe modes.
@CMOKerala  @rbinducpm 
#StudentsLivesMatters 
#stopofflineexams","['Students', 'Kerala']"
89,ramshroff,,,50,310,998,1,"As per recent studies, women observed changes in physical, mental and menstrual health #postcovid
Join Dr. Jayanti Kamat live on 3rd February, Thursday 5.30pm at @charakpharma instagram for valuable suggestions on maintaining the menstrual health along with @Glamprotocol https://t.co/ch1gU3ocC2",['postcovid']
90,Suyash_Speaks,"‡§¨‡§π‡•Å‡§ú‡§® ‡§π‡§ø‡§§‡§æ‡§Ø ‡§¨‡§π‡•Å‡§ú‡§® ‡§∏‡•Å‡§ñ‡§æ‡§Ø  l Mission UPSC l 'Art of living' Volunteer l Fergussonian l HOD, Mentors Cell, Maharashtra Shikshan Ganga l",‡§ï‡•É‡§∑‡•ç‡§£‡§æ - ‡§µ‡§æ‡§∞‡§£‡§æ ‡§ï‡§æ‡§†,1589,164,7093,13,"#Budget2022 balances the requirements for accelerating growth while taking care of equity. It addresses #postcovid challenges while laying the foundations for a #NewIndia that will meet the aspirations of its young population: VC @RajivKumar1

#PolicyPost

https://t.co/80DXVAmtrJ https://t.co/YxSH7CqKZs","['Budget2022', 'postcovid']"
91,Shashwatsingh__,"Entrepreneur
Strategist
Founder
P-CAM
The Brand",,463,31,619,13,"#Budget2022 balances the requirements for accelerating growth while taking care of equity. It addresses #postcovid challenges while laying the foundations for a #NewIndia that will meet the aspirations of its young population: VC @RajivKumar1

#PolicyPost

https://t.co/80DXVAmtrJ https://t.co/YxSH7CqKZs","['Budget2022', 'postcovid']"
92,scottlgreer,"‚ÄúSomebody ought to write a book about people sometime- they‚Äôre peculiar‚Äù Health politics, EU, UK, US. Professor, University of Michigan. Opinions personal.",,2936,2431,26032,5,"üéôÔ∏è Announcing the #EHMA2022 keynote speakers ‚§µÔ∏è

Dr Josep Figueras, @OBShealth, will be speaking at the Plenary Session 'Implementing the lessons learnt from #COVID19', which will look at ways #HealthSystems can organise &amp; #health services adapt for a #postCOVID context. https://t.co/NcJQOjnjwB",['EHMA2022']
93,Keskimaki,"Research Professor, Finnish Institute for Health and Welfare @THLorg @THLresearch; Professor of Health Services Research, @TampereUni @TampereUniSOC","Helsinki, Finland",905,1214,5008,5,"üéôÔ∏è Announcing the #EHMA2022 keynote speakers ‚§µÔ∏è

Dr Josep Figueras, @OBShealth, will be speaking at the Plenary Session 'Implementing the lessons learnt from #COVID19', which will look at ways #HealthSystems can organise &amp; #health services adapt for a #postCOVID context. https://t.co/NcJQOjnjwB",['EHMA2022']
94,Hollieann_,,"Stockholm, Sweden",50,19,138,0,"@BrundinPatrik @ludvigsson @ActaPaediatrica @regionorebrolan @karolinskainst I am curious to know how common seizures are in children with Long Covid. My daughter just had a 2 hour MRI with contrast, and an EEG for nocturnal seizures caused by LC.#postcovid #LongCovidKids","['postcovid', 'LongCovidKids']"
95,GeorgeConverses,Executive Director at @EHMAinfo.,üá¨üá∑üáÆüáπüè≥Ô∏è‚Äçüåà Edinburgh,2510,1689,3555,5,"üéôÔ∏è Announcing the #EHMA2022 keynote speakers ‚§µÔ∏è

Dr Josep Figueras, @OBShealth, will be speaking at the Plenary Session 'Implementing the lessons learnt from #COVID19', which will look at ways #HealthSystems can organise &amp; #health services adapt for a #postCOVID context. https://t.co/NcJQOjnjwB",['EHMA2022']
96,shri_for,SHRI THE SPACE FOR HUMAN RIGHTS  INDIA,India,35,12,188,4,"@ShashiTharoor @JumanaSherin00 @KeralaGovernor Many #Students  in #Kerala are reported to be in hospitals, some of them in critical conditions in ICUs due to #COVID19  and #postcovid complications.  #Onlineclass #ONLINEEXAM are the only safe modes.
@CMOKerala  @rbinducpm 
#StudentsLivesMatters 
#stopofflineexams","['Students', 'Kerala']"
97,muditaa001,"Hi, Im a freelance writer and write for just about anything in this world. I also am an editor of some repute and am working on my first non-fiction book.",mumbai,1036,315,35631,13,"#Budget2022 balances the requirements for accelerating growth while taking care of equity. It addresses #postcovid challenges while laying the foundations for a #NewIndia that will meet the aspirations of its young population: VC @RajivKumar1

#PolicyPost

https://t.co/80DXVAmtrJ https://t.co/YxSH7CqKZs","['Budget2022', 'postcovid']"
98,Lubya15,aspiring rosesh sarabhai.,,1327,0,891,13,"#Budget2022 balances the requirements for accelerating growth while taking care of equity. It addresses #postcovid challenges while laying the foundations for a #NewIndia that will meet the aspirations of its young population: VC @RajivKumar1

#PolicyPost

https://t.co/80DXVAmtrJ https://t.co/YxSH7CqKZs","['Budget2022', 'postcovid']"
99,drchemistrajora,Researcher #üë®‚Äçüî¨# Nano-Drug Delivery # Various nano formulations for mono and combination/multimodal approaches for multiple diseases.,New Delhi India ,419,39,100,13,"#Budget2022 balances the requirements for accelerating growth while taking care of equity. It addresses #postcovid challenges while laying the foundations for a #NewIndia that will meet the aspirations of its young population: VC @RajivKumar1

#PolicyPost

https://t.co/80DXVAmtrJ https://t.co/YxSH7CqKZs","['Budget2022', 'postcovid']"
